序号,资料组,归档内路径,页数,提取字符数,文本可检索性,PDF标题,作者
1,独立论文/报告,顶层文件/CPE Report - Ternary Computing Testbed - RC6a.pdf,192,290224,可全文检索,Trinary_CPE Report - Jeff.tk,Jeff Connelly
2,独立论文/报告,顶层文件/TEmerging_24.pdf,14,61273,可全文检索,Efficient Ternary Logic Circuits Optimized by Ternary Arithmetic Algorithms,
3,独立论文/报告,顶层文件/post-print-a-ternary-weight-mapping-and-charge-mode-readout-scheme-for-energy-efficient.pdf,5,22071,可全文检索,A Ternary Weight Mapping and Charge-mode Readout Scheme for Energy Efficient FeRAM Crossbar Compute-in-Memory System,Tiancheng Cao
4,Setun程序设计资料,Setun文档包/Programming/01.pdf,46,50140,可全文检索,,
5,Setun程序设计资料,Setun文档包/Programming/02.pdf,74,38949,可全文检索,,
6,Setun程序设计资料,Setun文档包/Programming/03.pdf,25,11292,可全文检索,,
7,Setun程序设计资料,Setun文档包/Programming/04.pdf,34,21369,可全文检索,,
8,Setun程序设计资料,Setun文档包/Programming/05.pdf,29,11927,可全文检索,,
9,Setun程序设计资料,Setun文档包/Programming/06.pdf,72,41184,可全文检索,,
10,Setun程序设计资料,Setun文档包/Programming/07.pdf,89,30864,可全文检索,,
11,Setun程序设计资料,Setun文档包/Programming/08.pdf,30,17429,可全文检索,,
12,Setun程序设计资料,Setun文档包/Programming/09.pdf,46,25088,可全文检索,,
13,Setun程序设计资料,Setun文档包/Programming/10.pdf,77,65492,可全文检索,,
14,Setun程序设计资料,Setun文档包/Programming/11.pdf,29,10780,可全文检索,,
15,Setun程序设计资料,Setun文档包/Programming/13.pdf,104,39186,可全文检索,,
16,Setun程序设计资料,Setun文档包/Programming/14.pdf,29,14264,可全文检索,,
17,Setun程序设计资料,Setun文档包/Programming/15.pdf,29,19299,可全文检索,,
18,Setun程序设计资料,Setun文档包/Programming/16.pdf,56,10408,可全文检索,,
19,Setun程序设计资料,Setun文档包/Programming/17.pdf,56,23636,可全文检索,,
20,Setun程序设计资料,Setun文档包/Programming/18.pdf,48,27107,可全文检索,,
21,Setun程序设计资料,Setun文档包/Programming/19.pdf,51,36432,可全文检索,,
22,Setun程序设计资料,Setun文档包/Programming/21.pdf,54,16019,可全文检索,,
23,Setun程序设计资料,Setun文档包/Programming/23.pdf,26,11062,可全文检索,,
24,Setun程序设计资料,Setun文档包/Programming/24.pdf,189,124540,可全文检索,,
25,Setun程序设计资料,Setun文档包/Programming/25.pdf,40,24338,可全文检索,,
26,Setun程序设计资料,Setun文档包/Programming/26.pdf,50,28236,可全文检索,,
27,Setun程序设计资料,Setun文档包/Programming/27.pdf,87,26998,可全文检索,,
28,Setun程序设计资料,Setun文档包/Programming/28.pdf,42,16293,可全文检索,,
29,Setun程序设计资料,Setun文档包/Programming/29.pdf,24,10716,可全文检索,,
30,Setun程序设计资料,Setun文档包/Programming/30.pdf,63,21185,可全文检索,,
31,Setun/Setun-70历史与技术资料,Setun文档包/Setun-1958/Brusentsov-RamilAlvarez2011_Chapter_TernaryComputersTheSetunAndThe.pdf,7,19018,可全文检索,Title,Author
32,Setun/Setun-70历史与技术资料,Setun文档包/Setun-1958/Commands_small_ternary_digital_computer_Setun.pdf,15,32057,可全文检索,Система команд и интерпретирующая система для машины Сетунь'',Е. А. Жоголев
33,Setun/Setun-70历史与技术资料,Setun文档包/Setun-1958/Computer_Setun_of_Moscow_State_University.pdf,7,12,扫描件/需OCR,"Материалы научно-технической конференции ""новые разработки в области вычислительной математики и вычислительной техники"".","СССР.-  Украинская ССР, г. Киев: 1960."
34,Setun/Setun-70历史与技术资料,Setun文档包/Setun-1958/Computer_architecture_Setun_1971.pdf,10,18,扫描件/需OCR,Вычислительная техника и вопросы кибернетики. Выпуск 8,СССР.- Изд. Ленинградского университета  : 1971.
35,Setun/Setun-70历史与技术资料,Setun文档包/Setun-1958/Computer_programs_Setun.pdf,74,121379,可全文检索,<C1F0F3F1E5EDF6EEE22DCCEEF0EEE7EEE22D312E717864>,igor
36,Setun/Setun-70历史与技术资料,Setun文档包/Setun-1958/Hard_and_Soft_Setun_Minsk_1971.pdf,57,112,少量文本/以图为主,"Вопросы технического и математического обеспечения ЭЦВМ ""Сетунь"" и ""Минск-22"". Выпуск 1.",СССР.- Бушанбе : 1971. - 187 с
37,Setun/Setun-70历史与技术资料,Setun文档包/Setun-1958/Magnetic_digital_elemets_1964.pdf,19,36,扫描件/需OCR,"Магнитные элементы автоматики, телемеханики, измерительной и вычислительной техники.","СССР.- Украинская ССР, г. Киев : 1964."
38,Setun/Setun-70历史与技术资料,Setun文档包/Setun-1958/N_ P_ Brusentsov.pdf,19,44052,可全文检索,NPBrusentsov_Malinovski,Yura Revich
39,Setun/Setun-70历史与技术资料,Setun文档包/Setun-1958/N_P_Brusencov_02.pdf,27,63307,可全文检索,<C1F0F3F1E5EDF6EEE22D322E717864>,igor
40,Setun/Setun-70历史与技术资料,Setun文档包/Setun-1958/N_P_Brusencov_05.pdf,5,10671,可全文检索,<C1F0F3F1E5EDF6EEE22D352E717864>,igor
41,Setun/Setun-70历史与技术资料,Setun文档包/Setun-1958/Notes_about_ternal_digital_technology.pdf,9,24173,可全文检索,ЗАМЕТКИ О ТРОИЧНОЙ ЦИФРОВОЙ ТЕХНИКЕ - ЧАСТЬ 2,User
42,Setun/Setun-70历史与技术资料,Setun文档包/Setun-1958/Programming_Setun_1978.pdf,18,34,扫描件/需OCR,Вычислительная техника и вопросы кибернетики. Выпуск 15.,СССР.- Изд. Московского университета  : 1978.
43,Setun/Setun-70历史与技术资料,Setun文档包/Setun-1958/Programming_principles_Setun_1965.pdf,56,110,少量文本/以图为主,"Принципы программирования для электронных цифровых вычислительных машин (на примере машины ""Сетунь"")","СССР.- Метод. указания / М-во высш. и сред. спец. образования РСФСР. Ленингр. ордена Трудового Красного Знамени технол. ин-та им. Ленсовета. - Ленинград : [б. и.], 1965. - 110 с. : ил"
44,Setun/Setun-70历史与技术资料,Setun文档包/Setun-1958/Setun_Mathematical_Description_Part2_1965.pdf,40,78,扫描件/需OCR,,
45,Setun/Setun-70历史与技术资料,Setun文档包/Setun-1958/Setun_Practica_Kazan_1973.pdf,66,130,少量文本/以图为主,,
46,Setun/Setun-70历史与技术资料,Setun文档包/Setun-1958/Setun_book1.pdf,4,6,扫描件/需OCR,,
47,Setun/Setun-70历史与技术资料,Setun文档包/Setun-1958/Setun_book2.pdf,4,6,扫描件/需OCR,,
48,Setun/Setun-70历史与技术资料,Setun文档包/Setun-1958/Setun_reflections.pdf,26,71428,可全文检索,,
49,Setun/Setun-70历史与技术资料,Setun文档包/Setun-1958/Small_automatic_digital_machine_Setun.pdf,11,25614,可全文检索,Microsoft Word - setun.doc,luev
50,Setun/Setun-70历史与技术资料,Setun文档包/Setun-1958/Small_digital_ternary_computer_Setun_1965.pdf,149,296,少量文本/以图为主,,
51,Setun/Setun-70历史与技术资料,Setun文档包/Setun-1958/Ternary_arithmetic.pdf,6,7751,可全文检索,Троичная арифметика,.corp
52,Setun/Setun-70历史与技术资料,Setun文档包/Setun-1958/Ternary_arithmetic_algorithms.pdf,20,26122,可全文检索,,
53,Setun/Setun-70历史与技术资料,Setun文档包/Setun-1958/Ternary_computers_Setun_and_Setun_70.pdf,11,19034,可全文检索,,
54,Setun/Setun-70历史与技术资料,Setun文档包/Setun-1958/Threshold_implementation_of_three_digit_logic_1972.pdf,27,52,扫描件/需OCR,Вычислительная техника и вопросы кибернетики. Выпуск 9.,СССР.- Изд. Московского университета  : 1972.
55,莫斯科大学书刊,Setun文档包/Книги и журналы из МГУ/01.Nastavnik.1990.pdf,224,429272,可全文检索,,
56,莫斯科大学书刊,Setun文档包/Книги и журналы из МГУ/02.Sovershenstvovanie_uchebnogo_processa_1978.pdf,8,14749,可全文检索,,
57,莫斯科大学书刊,Setun文档包/Книги и журналы из МГУ/03.Isskustvo_dostovernogo1998.pdf,137,285957,可全文检索,,
58,莫斯科大学书刊,Setun文档包/Книги и журналы из МГУ/04.Upravlenie_ucheboi1978.pdf,94,166828,可全文检索,,
59,莫斯科大学书刊,Setun文档包/Книги и журналы из МГУ/05.Istoriya_Novyh_technologii1990.pdf,26,55488,可全文检索,,
60,莫斯科大学书刊,Setun文档包/Книги и журналы из МГУ/06.Komputery_v_obuchenii_1990_05.pdf,9,39649,可全文检索,,
61,莫斯科大学书刊,Setun文档包/Книги и журналы из МГУ/07.Nachala_Informatiki_1994.pdf,178,358236,可全文检索,,
62,莫斯科大学书刊,Setun文档包/Книги и журналы из МГУ/09.PC_SoftWare_1990.pdf,136,295229,可全文检索,,
63,莫斯科大学书刊,Setun文档包/Книги и журналы из МГУ/10.Architectura_PO_1984.pdf,59,134492,可全文检索,,
64,莫斯科大学书刊,Setun文档包/Книги и журналы из МГУ/11.PO_Microcomputerov_1982.pdf,125,235150,可全文检索,,
65,莫斯科大学书刊,Setun文档包/Книги и журналы из МГУ/12.Mikrokomputernye_sistemy_obucheniya_1986.pdf,125,203679,可全文检索,,
66,莫斯科大学书刊,Setun文档包/Книги и журналы из МГУ/13.Mikrokomputery_1985.pdf,209,439486,可全文检索,,
67,莫斯科大学书刊,Setun文档包/Книги и журналы из МГУ/VTiVK_07_1970.pdf,86,153901,可全文检索,,
68,莫斯科大学书刊,Setun文档包/Книги и журналы из МГУ/VTiVK_08_1971.pdf,76,152139,可全文检索,,
69,莫斯科大学书刊,Setun文档包/Книги и журналы из МГУ/VTiVK_09_1972.pdf,85,150239,可全文检索,,
70,莫斯科大学书刊,Setun文档包/Книги и журналы из МГУ/VTiVK_10_1974.pdf,47,96839,可全文检索,,
71,莫斯科大学书刊,Setun文档包/Книги и журналы из МГУ/VTiVK_11_1974.pdf,72,148198,可全文检索,,
72,莫斯科大学书刊,Setun文档包/Книги и журналы из МГУ/VTiVK_12_1975.pdf,60,105262,可全文检索,,
73,莫斯科大学书刊,Setun文档包/Книги и журналы из МГУ/VTiVK_13_1977.pdf,76,134061,可全文检索,,
74,莫斯科大学书刊,Setun文档包/Книги и журналы из МГУ/VTiVK_14_1977.pdf,65,105795,可全文检索,,
75,莫斯科大学书刊,Setun文档包/Книги и журналы из МГУ/VTiVK_15_1978.pdf,90,158833,可全文检索,,
76,莫斯科大学书刊,Setun文档包/Книги и журналы из МГУ/VTiVK_16_1979.pdf,71,111404,可全文检索,,
77,莫斯科大学书刊,Setun文档包/Книги и журналы из МГУ/VTiVK_17_1981.pdf,98,192859,可全文检索,,
78,莫斯科大学书刊,Setun文档包/Книги и журналы из МГУ/VTiVK_18_1982.pdf,106,189392,可全文检索,,
79,莫斯科大学书刊,Setun文档包/Книги и журналы из МГУ/VTiVK_19_1982.pdf,75,162941,可全文检索,,
80,莫斯科大学书刊,Setun文档包/Книги и журналы из МГУ/VTiVK_20_1984.pdf,78,126239,可全文检索,,
81,莫斯科大学书刊,Setun文档包/Книги и журналы из МГУ/VTiVK_22_1985.pdf,65,115936,可全文检索,,
82,莫斯科大学书刊,Setun文档包/Книги и журналы из МГУ/VTiVK_23_1986_Dialogovye_MK_systemy.pdf,152,332786,可全文检索,,
83,莫斯科大学书刊,Setun文档包/Книги и журналы из МГУ/VTiVK_24_1987.pdf,40,73023,可全文检索,,
84,莫斯科大学书刊,Setun文档包/Книги и журналы из МГУ/VTiVK_25_1988_Upravlenie_pereferyei.pdf,174,284907,可全文检索,,
85,莫斯科大学书刊,Setun文档包/Книги и журналы из МГУ/VTiVK_27_1995.pdf,31,50530,可全文检索,,
86,莫斯科大学书刊,Setun文档包/Книги и журналы из МГУ/VTiVK_29_1998.pdf,70,121821,可全文检索,,
87,TrinaryWiki资料,TrinaryWiki/!_setun_mirrored_-_Setun_Reflections.pdf,26,71428,可全文检索,,
88,TrinaryWiki资料,TrinaryWiki/20080217060743!American_Scientist_Online_-_Third_Base.pdf,7,26093,可全文检索,American Scientist Online - Third Base,Brian Hayes
89,TrinaryWiki资料,TrinaryWiki/20080319171346!Spring_2008_Schedule.pdf,1,1172,可全文检索,Microsoft Office Project - Spring 2008 Schedule.mpp,_
90,TrinaryWiki资料,TrinaryWiki/20080402211245!Spring_2008_Schedule.pdf,1,1247,可全文检索,Microsoft Office Project - Spring 2008 Schedule.mpp,_
91,TrinaryWiki资料,TrinaryWiki/20080403031812!Spring_2008_Schedule.pdf,1,1729,可全文检索,Microsoft Office Project - Spring 2008 Schedule.mpp,_
92,TrinaryWiki资料,TrinaryWiki/20080405023306!Spring_2008_Schedule.pdf,1,1935,可全文检索,Microsoft Office Project - Spring 2008 Schedule.mpp,_
93,TrinaryWiki资料,TrinaryWiki/54_Honors_Research_Original_Ternary_Computing_Testbed_Proposal.pdf,2,4852,可全文检索,Cal Poly Service Learning Project Match,honorstudent
94,TrinaryWiki资料,TrinaryWiki/A6-merrill_Ternary_Logic_in_Digital_Computers.pdf,17,19585,可全文检索,,
95,TrinaryWiki资料,TrinaryWiki/American_Scientist_Online_-_Third_Base.pdf,6,27418,可全文检索,01-11 Hayes,Barbara Aulicino
96,TrinaryWiki资料,TrinaryWiki/Communications_of_the_ACM_-_Soviet_Computer_Technology_-_1959.pdf,2,7300,可全文检索,Communications of the ACM - Soviet Computer Technology - 1959,Jeff Connelly
97,TrinaryWiki资料,"TrinaryWiki/EE347_Prelab_2,_MOSFET_Inverters_with_Negative_Input_Voltages.pdf",4,1240,可全文检索,,
98,TrinaryWiki资料,TrinaryWiki/ELECTRONICS_LETTERS_17th_October_1974_Vol._10_No._21_-_IMPLEMENTATION_OF_3-VALUED_LOGIC_WITH_C.O.S._M.O.S._INTEGRATED_CIRCUITS.pdf,2,7512,可全文检索,,
99,TrinaryWiki资料,TrinaryWiki/ENTI_Schematic.pdf,1,191,少量文本/以图为主,SCHEMATIC1 : PAGE1,hp
100,TrinaryWiki资料,TrinaryWiki/ENTI_Simulation_Results.pdf,1,299,少量文本/以图为主,earthed negative ternary invert,hp
101,TrinaryWiki资料,TrinaryWiki/EPTI_Schematic.pdf,1,198,少量文本/以图为主,SCHEMATIC1 : PAGE1,hp
102,TrinaryWiki资料,TrinaryWiki/EPTI_Simulation_Results.pdf,1,299,少量文本/以图为主,mouftah positive ternary invert,hp
103,TrinaryWiki资料,TrinaryWiki/HNRS200Spring08Syllabus.pdf,4,11191,可全文检索,,
104,TrinaryWiki资料,TrinaryWiki/HNRS200Winter08Syllabus.pdf,3,7880,可全文检索,,
105,TrinaryWiki资料,TrinaryWiki/Hnrs200_proposalexample.pdf,2,4498,可全文检索,,
106,TrinaryWiki资料,TrinaryWiki/IEEE_-_The_High_Speed_Ternary_Logic_Gates_based_on_the_Multiple_Beta_Transistors.pdf,4,15250,可全文检索,"The High Speed Ternary Logic Gates Based on the Multiple /spl beta/ Transistors - Multiple-Valued Logic, 1995. Proceedings., 25th International Symposium on",IEEE
107,TrinaryWiki资料,"TrinaryWiki/Knuth-TaoCPVol2-pg207,8.pdf",2,188,少量文本/以图为主,"The Art of Computer Programming, Volume 2, pp. 207-208 (pages on trinary)",Donald Knuth
108,TrinaryWiki资料,TrinaryWiki/MOSIS-Quotation-147472-a.pdf,1,1486,可全文检索,147472-a.pdf,Oracle Reports
109,TrinaryWiki资料,TrinaryWiki/Mouftah-Design_of_Ternary_COS-MOS_Memory_and_Sequential_Circuits.pdf,9,35326,可全文检索,,
110,TrinaryWiki资料,TrinaryWiki/Mouftah_-_Ternary_Gate_Figures.pdf,18,34,扫描件/需OCR,,
111,TrinaryWiki资料,TrinaryWiki/NTI_Schematic.pdf,1,183,少量文本/以图为主,SCHEMATIC1 : PAGE1,hp
112,TrinaryWiki资料,TrinaryWiki/NTI_Simulation_Results.pdf,1,302,少量文本/以图为主,negative ternary inverter-SCHEM,hp
113,TrinaryWiki资料,TrinaryWiki/P123-mouftah_Study_on_the_Implementation_of_Three-valued_Logic.pdf,4,14652,可全文检索,,
114,TrinaryWiki资料,TrinaryWiki/P127-kameyama_Static-Hazard-Free_T-Gate_for_Ternary_Memory_Element_and_Its_Application_to_Ternary_Counters.pdf,8,22258,可全文检索,,
115,TrinaryWiki资料,TrinaryWiki/P135-mouftah_Ternary_Logic_in_a_positional_control_system.pdf,7,15238,可全文检索,,
116,TrinaryWiki资料,TrinaryWiki/P221-abdul-karim_Ternary_J_-_K_Memory.pdf,5,8867,可全文检索,,
117,TrinaryWiki资料,TrinaryWiki/P241-yang_Minimization_Algorithm_for_Ternary_Switching_.pdf,13,37021,可全文检索,4000143B.TIF,
118,TrinaryWiki资料,TrinaryWiki/P47-higuchi_Special_Purpose_Ternary_Computer_for_Digital_Filtering.pdf,8,24068,可全文检索,,
119,TrinaryWiki资料,TrinaryWiki/P55-bate_Three_Cell_Structures_for_Ternary_Cellular_Arrays.pdf,6,16437,可全文检索,4000020b.tif,solaric
120,TrinaryWiki资料,TrinaryWiki/P73-abdul-karim_A_Simultaneous_Analog_-_Ternary_Computer.pdf,3,5101,可全文检索,,
121,TrinaryWiki资料,TrinaryWiki/P8-carr_A_Visit_to_the_Computation_Centers_of_the_Soviet_Union.pdf,13,71983,可全文检索,,
122,TrinaryWiki资料,TrinaryWiki/P83-frieder_Ternary_Computers_-_Part_1_-_Motivation_for_Ternary_Computers.pdf,4,17344,可全文检索,,
123,TrinaryWiki资料,TrinaryWiki/P84-yoeli_Application_of_Ternary_Algebra_to_the_Study_of_Static_Hazards.pdf,14,30522,可全文检索,,
124,TrinaryWiki资料,TrinaryWiki/P86-frieder_-_Ternary_Computers_-_Part_2_-_Emulation_of_Ternary_Computers.pdf,4,12400,可全文检索,,
125,TrinaryWiki资料,TrinaryWiki/PTI_Schematic.pdf,1,183,少量文本/以图为主,SCHEMATIC1 : PAGE1,hp
126,TrinaryWiki资料,TrinaryWiki/PTI_Simulation_Results.pdf,1,302,少量文本/以图为主,positive ternary inverter-SCHEM,hp
127,TrinaryWiki资料,TrinaryWiki/QUOTE3736586.pdf,4,7457,可全文检索,,
128,TrinaryWiki资料,TrinaryWiki/QUOTE3796594.pdf,4,8781,可全文检索,,
129,TrinaryWiki资料,TrinaryWiki/STI_Schematic.pdf,1,181,少量文本/以图为主,SCHEMATIC1 : PAGE1,hp
130,TrinaryWiki资料,TrinaryWiki/STI_Simulation_Results.pdf,1,300,少量文本/以图为主,simple ternary inverter-SCHEMAT,hp
131,TrinaryWiki资料,TrinaryWiki/Spring_2008_Schedule.pdf,1,1934,可全文检索,Microsoft Office Project - Spring 2008 Schedule.mpp,_
132,TrinaryWiki资料,TrinaryWiki/TAND_Gate_Schematic.pdf,1,222,少量文本/以图为主,SCHEMATIC1 : PAGE1,hp
133,TrinaryWiki资料,TrinaryWiki/TAND_Gate_Simulation_Results.pdf,1,328,少量文本/以图为主,tand gate-SCHEMATIC1-Default,hp
134,TrinaryWiki资料,TrinaryWiki/TNAND_Schematic.pdf,1,212,少量文本/以图为主,SCHEMATIC1 : PAGE1,hp
135,TrinaryWiki资料,TrinaryWiki/TNAND_Simulation_Results.pdf,1,321,少量文本/以图为主,tnand gate-SCHEMATIC1-Default,hp
136,TrinaryWiki资料,TrinaryWiki/TNOR_Schematic.pdf,1,204,少量文本/以图为主,SCHEMATIC1 : PAGE1,hp
137,TrinaryWiki资料,TrinaryWiki/TNOR_Simulation_Results.pdf,1,320,少量文本/以图为主,tnor gate-SCHEMATIC1-Default,hp
138,TrinaryWiki资料,TrinaryWiki/TOR_Gate_Schematic.pdf,1,221,少量文本/以图为主,SCHEMATIC1 : PAGE1,hp
139,TrinaryWiki资料,TrinaryWiki/TOR_Gate_Simulation_Results.pdf,1,327,少量文本/以图为主,tor gate-SCHEMATIC1-Default,hp
140,TrinaryWiki资料,TrinaryWiki/Timelog_winter08.pdf,2,88,扫描件/需OCR,Microsoft Word - timelog_winter08.doc,Jennifer Merriam
141,TrinaryWiki资料,TrinaryWiki/Trinary_Final_Status_Report_-_Jeff.tk.pdf,5,10060,可全文检索,Trinary_Final Status Report - Jeff.tk,Jeff Connelly
142,TrinaryWiki资料,TrinaryWiki/Trinary_Midterm_Status_Report_-_Jeff.tk.pdf,4,12829,可全文检索,Trinary_Midterm Status Report - Jeff.tk,Jeff Connelly
143,TrinaryWiki资料,"TrinaryWiki/Trinary_Step_Function_-5,0,5,0,-5_Volts.pdf",1,262,少量文本/以图为主,trinary_step.dat,_
144,TrinaryWiki资料,TrinaryWiki/X_Q._Shou_N_Kalantari_-_Design_of_CMOS_ternary_latches.pdf,9,25495,可全文检索,Design of CMOS ternary latches,"X Q. Shou, N Kalantari, and Michael M. Green"
